{"aa": 0.3333333333333333, "aba": 0.3333333333333333, "apa": 0.3333333333333333, "apbpa": 0.3333333333333333}