{"aa": 0.6666666666666666, "aba": 0.6666666666666666, "apa": 0.0, "apbpa": 0.6666666666666666}