{"aa": 1.0, "aba": 0.8333333333333334, "apa": 0.8333333333333334, "apbpa": 0.8333333333333334}