{"aa": 0.6666666666666666, "aba": 0.6666666666666666, "apa": 0.6666666666666666, "apbpa": 0.6666666666666666}