{"aa": 0.94, "aba": 0.9133333333333333, "apa": 0.92, "apbpa": 0.8933333333333333}