{"aa": 0.6666666666666666, "aba": 0.3333333333333333, "apa": 0.3333333333333333, "apbpa": 0.4166666666666667}