{"aa": 0.6666666666666666, "aba": 0.0, "apa": 0.3333333333333333, "apbpa": 0.0}